[
    {
        "name": "clue/stream-filter",
        "version": "v1.4.0",
        "version_normalized": "1.4.0.0",
        "source": {
            "type": "git",
            "url": "https://github.com/clue/php-stream-filter.git",
            "reference": "d80fdee9b3a7e0d16fc330a22f41f3ad0eeb09d0"
        },
        "dist": {
            "type": "zip",
            "url": "https://api.github.com/repos/clue/php-stream-filter/zipball/d80fdee9b3a7e0d16fc330a22f41f3ad0eeb09d0",
            "reference": "d80fdee9b3a7e0d16fc330a22f41f3ad0eeb09d0",
            "shasum": ""
        },
        "require": {
            "php": ">=5.3"
        },
        "require-dev": {
            "phpunit/phpunit": "^5.0 || ^4.8"
        },
        "time": "2017-08-18T09:54:01+00:00",
        "type": "library",
        "installation-source": "dist",
        "autoload": {
            "psr-4": {
                "Clue\\StreamFilter\\": "src/"
            },
            "files": [
                "src/functions.php"
            ]
        },
        "notification-url": "https://packagist.org/downloads/",
        "license": [
            "MIT"
        ],
        "authors": [
            {
                "name": "Christian Lück",
                "email": "christian@lueck.tv"
            }
        ],
        "description": "A simple and modern approach to stream filtering in PHP",
        "homepage": "https://github.com/clue/php-stream-filter",
        "keywords": [
            "bucket brigade",
            "callback",
            "filter",
            "php_user_filter",
            "stream",
            "stream_filter_append",
            "stream_filter_register"
        ]
    },
    {
        "name": "guzzlehttp/psr7",
        "version": "1.4.2",
        "version_normalized": "1.4.2.0",
        "source": {
            "type": "git",
            "url": "https://github.com/guzzle/psr7.git",
            "reference": "f5b8a8512e2b58b0071a7280e39f14f72e05d87c"
        },
        "dist": {
            "type": "zip",
            "url": "https://api.github.com/repos/guzzle/psr7/zipball/f5b8a8512e2b58b0071a7280e39f14f72e05d87c",
            "reference": "f5b8a8512e2b58b0071a7280e39f14f72e05d87c",
            "shasum": ""
        },
        "require": {
            "php": ">=5.4.0",
            "psr/http-message": "~1.0"
        },
        "provide": {
            "psr/http-message-implementation": "1.0"
        },
        "require-dev": {
            "phpunit/phpunit": "~4.0"
        },
        "time": "2017-03-20T17:10:46+00:00",
        "type": "library",
        "extra": {
            "branch-alias": {
                "dev-master": "1.4-dev"
            }
        },
        "installation-source": "dist",
        "autoload": {
            "psr-4": {
                "GuzzleHttp\\Psr7\\": "src/"
            },
            "files": [
                "src/functions_include.php"
            ]
        },
        "notification-url": "https://packagist.org/downloads/",
        "license": [
            "MIT"
        ],
        "authors": [
            {
                "name": "Michael Dowling",
                "email": "mtdowling@gmail.com",
                "homepage": "https://github.com/mtdowling"
            },
            {
                "name": "Tobias Schultze",
                "homepage": "https://github.com/Tobion"
            }
        ],
        "description": "PSR-7 message implementation that also provides common utility methods",
        "keywords": [
            "http",
            "message",
            "request",
            "response",
            "stream",
            "uri",
            "url"
        ]
    },
    {
        "name": "mailgun/mailgun-php",
        "version": "2.6.0",
        "version_normalized": "2.6.0.0",
        "source": {
            "type": "git",
            "url": "https://github.com/mailgun/mailgun-php.git",
            "reference": "952198a5d7e9654a334702c6e63dc8bea5da0ae3"
        },
        "dist": {
            "type": "zip",
            "url": "https://api.github.com/repos/mailgun/mailgun-php/zipball/952198a5d7e9654a334702c6e63dc8bea5da0ae3",
            "reference": "952198a5d7e9654a334702c6e63dc8bea5da0ae3",
            "shasum": ""
        },
        "require": {
            "php": "^5.5|^7.0",
            "php-http/client-common": "^1.1",
            "php-http/discovery": "^1.0",
            "php-http/httplug": "^1.0",
            "php-http/message": "^1.0",
            "php-http/multipart-stream-builder": "^1.0",
            "webmozart/assert": "^1.2"
        },
        "require-dev": {
            "guzzlehttp/psr7": "^1.4",
            "nyholm/nsa": "^1.1",
            "php-http/guzzle6-adapter": "^1.0",
            "phpunit/phpunit": "~4.8"
        },
        "suggest": {
            "guzzlehttp/psr7": "PSR-7 message implementation that also provides common utility methods",
            "php-http/curl-client": "cURL client for PHP-HTTP"
        },
        "time": "2018-08-04T20:22:47+00:00",
        "type": "library",
        "installation-source": "dist",
        "autoload": {
            "psr-0": {
                "Mailgun": "src/"
            }
        },
        "notification-url": "https://packagist.org/downloads/",
        "license": [
            "MIT"
        ],
        "authors": [
            {
                "name": "Travis Swientek",
                "email": "travis@mailgunhq.com"
            }
        ],
        "description": "The Mailgun SDK provides methods for all API functions."
    },
    {
        "name": "php-http/client-common",
        "version": "1.8.1",
        "version_normalized": "1.8.1.0",
        "source": {
            "type": "git",
            "url": "https://github.com/php-http/client-common.git",
            "reference": "0b9ce659aa46aee106f8c66597ea0c070fcd9dff"
        },
        "dist": {
            "type": "zip",
            "url": "https://api.github.com/repos/php-http/client-common/zipball/0b9ce659aa46aee106f8c66597ea0c070fcd9dff",
            "reference": "0b9ce659aa46aee106f8c66597ea0c070fcd9dff",
            "shasum": ""
        },
        "require": {
            "php": "^5.4 || ^7.0",
            "php-http/httplug": "^1.1",
            "php-http/message": "^1.6",
            "php-http/message-factory": "^1.0",
            "symfony/options-resolver": "^2.6 || ^3.0 || ^4.0"
        },
        "require-dev": {
            "guzzlehttp/psr7": "^1.4",
            "phpspec/phpspec": "^2.5 || ^3.4 || ^4.2"
        },
        "suggest": {
            "php-http/cache-plugin": "PSR-6 Cache plugin",
            "php-http/logger-plugin": "PSR-3 Logger plugin",
            "php-http/stopwatch-plugin": "Symfony Stopwatch plugin"
        },
        "time": "2018-10-09T06:46:29+00:00",
        "type": "library",
        "extra": {
            "branch-alias": {
                "dev-master": "1.8-dev"
            }
        },
        "installation-source": "dist",
        "autoload": {
            "psr-4": {
                "Http\\Client\\Common\\": "src/"
            }
        },
        "notification-url": "https://packagist.org/downloads/",
        "license": [
            "MIT"
        ],
        "authors": [
            {
                "name": "Márk Sági-Kazár",
                "email": "mark.sagikazar@gmail.com"
            }
        ],
        "description": "Common HTTP Client implementations and tools for HTTPlug",
        "homepage": "http://httplug.io",
        "keywords": [
            "client",
            "common",
            "http",
            "httplug"
        ]
    },
    {
        "name": "php-http/curl-client",
        "version": "v1.7.1",
        "version_normalized": "1.7.1.0",
        "source": {
            "type": "git",
            "url": "https://github.com/php-http/curl-client.git",
            "reference": "6341a93d00e5d953fc868a3928b5167e6513f2b6"
        },
        "dist": {
            "type": "zip",
            "url": "https://api.github.com/repos/php-http/curl-client/zipball/6341a93d00e5d953fc868a3928b5167e6513f2b6",
            "reference": "6341a93d00e5d953fc868a3928b5167e6513f2b6",
            "shasum": ""
        },
        "require": {
            "ext-curl": "*",
            "php": "^5.5 || ^7.0",
            "php-http/discovery": "^1.0",
            "php-http/httplug": "^1.0",
            "php-http/message": "^1.2",
            "php-http/message-factory": "^1.0.2"
        },
        "provide": {
            "php-http/async-client-implementation": "1.0",
            "php-http/client-implementation": "1.0"
        },
        "require-dev": {
            "guzzlehttp/psr7": "^1.0",
            "php-http/client-integration-tests": "^0.6",
            "phpunit/phpunit": "^4.8.27",
            "zendframework/zend-diactoros": "^1.0"
        },
        "time": "2018-03-26T19:21:48+00:00",
        "type": "library",
        "installation-source": "dist",
        "autoload": {
            "psr-4": {
                "Http\\Client\\Curl\\": "src/"
            }
        },
        "notification-url": "https://packagist.org/downloads/",
        "license": [
            "MIT"
        ],
        "authors": [
            {
                "name": "Михаил Красильников",
                "email": "m.krasilnikov@yandex.ru"
            }
        ],
        "description": "cURL client for PHP-HTTP",
        "homepage": "http://php-http.org",
        "keywords": [
            "curl",
            "http"
        ]
    },
    {
        "name": "php-http/discovery",
        "version": "1.4.0",
        "version_normalized": "1.4.0.0",
        "source": {
            "type": "git",
            "url": "https://github.com/php-http/discovery.git",
            "reference": "9a6cb24de552bfe1aa9d7d1569e2d49c5b169a33"
        },
        "dist": {
            "type": "zip",
            "url": "https://api.github.com/repos/php-http/discovery/zipball/9a6cb24de552bfe1aa9d7d1569e2d49c5b169a33",
            "reference": "9a6cb24de552bfe1aa9d7d1569e2d49c5b169a33",
            "shasum": ""
        },
        "require": {
            "php": "^5.5 || ^7.0"
        },
        "require-dev": {
            "henrikbjorn/phpspec-code-coverage": "^2.0.2",
            "php-http/httplug": "^1.0",
            "php-http/message-factory": "^1.0",
            "phpspec/phpspec": "^2.4",
            "puli/composer-plugin": "1.0.0-beta10"
        },
        "suggest": {
            "php-http/message": "Allow to use Guzzle, Diactoros or Slim Framework factories",
            "puli/composer-plugin": "Sets up Puli which is recommended for Discovery to work. Check http://docs.php-http.org/en/latest/discovery.html for more details."
        },
        "time": "2018-02-06T10:55:24+00:00",
        "type": "library",
        "extra": {
            "branch-alias": {
                "dev-master": "1.3-dev"
            }
        },
        "installation-source": "dist",
        "autoload": {
            "psr-4": {
                "Http\\Discovery\\": "src/"
            }
        },
        "notification-url": "https://packagist.org/downloads/",
        "license": [
            "MIT"
        ],
        "authors": [
            {
                "name": "Márk Sági-Kazár",
                "email": "mark.sagikazar@gmail.com"
            }
        ],
        "description": "Finds installed HTTPlug implementations and PSR-7 message factories",
        "homepage": "http://php-http.org",
        "keywords": [
            "adapter",
            "client",
            "discovery",
            "factory",
            "http",
            "message",
            "psr7"
        ]
    },
    {
        "name": "php-http/httplug",
        "version": "v1.1.0",
        "version_normalized": "1.1.0.0",
        "source": {
            "type": "git",
            "url": "https://github.com/php-http/httplug.git",
            "reference": "1c6381726c18579c4ca2ef1ec1498fdae8bdf018"
        },
        "dist": {
            "type": "zip",
            "url": "https://api.github.com/repos/php-http/httplug/zipball/1c6381726c18579c4ca2ef1ec1498fdae8bdf018",
            "reference": "1c6381726c18579c4ca2ef1ec1498fdae8bdf018",
            "shasum": ""
        },
        "require": {
            "php": ">=5.4",
            "php-http/promise": "^1.0",
            "psr/http-message": "^1.0"
        },
        "require-dev": {
            "henrikbjorn/phpspec-code-coverage": "^1.0",
            "phpspec/phpspec": "^2.4"
        },
        "time": "2016-08-31T08:30:17+00:00",
        "type": "library",
        "extra": {
            "branch-alias": {
                "dev-master": "1.1-dev"
            }
        },
        "installation-source": "dist",
        "autoload": {
            "psr-4": {
                "Http\\Client\\": "src/"
            }
        },
        "notification-url": "https://packagist.org/downloads/",
        "license": [
            "MIT"
        ],
        "authors": [
            {
                "name": "Eric GELOEN",
                "email": "geloen.eric@gmail.com"
            },
            {
                "name": "Márk Sági-Kazár",
                "email": "mark.sagikazar@gmail.com"
            }
        ],
        "description": "HTTPlug, the HTTP client abstraction for PHP",
        "homepage": "http://httplug.io",
        "keywords": [
            "client",
            "http"
        ]
    },
    {
        "name": "php-http/message",
        "version": "1.7.2",
        "version_normalized": "1.7.2.0",
        "source": {
            "type": "git",
            "url": "https://github.com/php-http/message.git",
            "reference": "b159ffe570dffd335e22ef0b91a946eacb182fa1"
        },
        "dist": {
            "type": "zip",
            "url": "https://api.github.com/repos/php-http/message/zipball/b159ffe570dffd335e22ef0b91a946eacb182fa1",
            "reference": "b159ffe570dffd335e22ef0b91a946eacb182fa1",
            "shasum": ""
        },
        "require": {
            "clue/stream-filter": "^1.4",
            "php": "^5.4 || ^7.0",
            "php-http/message-factory": "^1.0.2",
            "psr/http-message": "^1.0"
        },
        "provide": {
            "php-http/message-factory-implementation": "1.0"
        },
        "require-dev": {
            "akeneo/phpspec-skip-example-extension": "^1.0",
            "coduo/phpspec-data-provider-extension": "^1.0",
            "ext-zlib": "*",
            "guzzlehttp/psr7": "^1.0",
            "henrikbjorn/phpspec-code-coverage": "^1.0",
            "phpspec/phpspec": "^2.4",
            "slim/slim": "^3.0",
            "zendframework/zend-diactoros": "^1.0"
        },
        "suggest": {
            "ext-zlib": "Used with compressor/decompressor streams",
            "guzzlehttp/psr7": "Used with Guzzle PSR-7 Factories",
            "slim/slim": "Used with Slim Framework PSR-7 implementation",
            "zendframework/zend-diactoros": "Used with Diactoros Factories"
        },
        "time": "2018-11-01T09:32:41+00:00",
        "type": "library",
        "extra": {
            "branch-alias": {
                "dev-master": "1.6-dev"
            }
        },
        "installation-source": "dist",
        "autoload": {
            "psr-4": {
                "Http\\Message\\": "src/"
            },
            "files": [
                "src/filters.php"
            ]
        },
        "notification-url": "https://packagist.org/downloads/",
        "license": [
            "MIT"
        ],
        "authors": [
            {
                "name": "Márk Sági-Kazár",
                "email": "mark.sagikazar@gmail.com"
            }
        ],
        "description": "HTTP Message related tools",
        "homepage": "http://php-http.org",
        "keywords": [
            "http",
            "message",
            "psr-7"
        ]
    },
    {
        "name": "php-http/message-factory",
        "version": "v1.0.2",
        "version_normalized": "1.0.2.0",
        "source": {
            "type": "git",
            "url": "https://github.com/php-http/message-factory.git",
            "reference": "a478cb11f66a6ac48d8954216cfed9aa06a501a1"
        },
        "dist": {
            "type": "zip",
            "url": "https://api.github.com/repos/php-http/message-factory/zipball/a478cb11f66a6ac48d8954216cfed9aa06a501a1",
            "reference": "a478cb11f66a6ac48d8954216cfed9aa06a501a1",
            "shasum": ""
        },
        "require": {
            "php": ">=5.4",
            "psr/http-message": "^1.0"
        },
        "time": "2015-12-19T14:08:53+00:00",
        "type": "library",
        "extra": {
            "branch-alias": {
                "dev-master": "1.0-dev"
            }
        },
        "installation-source": "source",
        "autoload": {
            "psr-4": {
                "Http\\Message\\": "src/"
            }
        },
        "notification-url": "https://packagist.org/downloads/",
        "license": [
            "MIT"
        ],
        "authors": [
            {
                "name": "Márk Sági-Kazár",
                "email": "mark.sagikazar@gmail.com"
            }
        ],
        "description": "Factory interfaces for PSR-7 HTTP Message",
        "homepage": "http://php-http.org",
        "keywords": [
            "factory",
            "http",
            "message",
            "stream",
            "uri"
        ]
    },
    {
        "name": "php-http/multipart-stream-builder",
        "version": "1.0.0",
        "version_normalized": "1.0.0.0",
        "source": {
            "type": "git",
            "url": "https://github.com/php-http/multipart-stream-builder.git",
            "reference": "1fa3c623fc813a43b39494b2a1612174e36e0fb0"
        },
        "dist": {
            "type": "zip",
            "url": "https://api.github.com/repos/php-http/multipart-stream-builder/zipball/1fa3c623fc813a43b39494b2a1612174e36e0fb0",
            "reference": "1fa3c623fc813a43b39494b2a1612174e36e0fb0",
            "shasum": ""
        },
        "require": {
            "php": "^5.5 || ^7.0",
            "php-http/discovery": "^1.0",
            "php-http/message-factory": "^1.0.2",
            "psr/http-message": "^1.0"
        },
        "require-dev": {
            "php-http/message": "^1.5",
            "phpunit/phpunit": "^4.8 || ^5.4",
            "zendframework/zend-diactoros": "^1.3.5"
        },
        "time": "2017-05-21T17:45:25+00:00",
        "type": "library",
        "extra": {
            "branch-alias": {
                "dev-master": "0.3-dev"
            }
        },
        "installation-source": "dist",
        "autoload": {
            "psr-4": {
                "Http\\Message\\MultipartStream\\": "src/"
            }
        },
        "notification-url": "https://packagist.org/downloads/",
        "license": [
            "MIT"
        ],
        "authors": [
            {
                "name": "Tobias Nyholm",
                "email": "tobias.nyholm@gmail.com"
            }
        ],
        "description": "A builder class that help you create a multipart stream",
        "homepage": "http://php-http.org",
        "keywords": [
            "factory",
            "http",
            "message",
            "multipart stream",
            "stream"
        ]
    },
    {
        "name": "php-http/promise",
        "version": "v1.0.0",
        "version_normalized": "1.0.0.0",
        "source": {
            "type": "git",
            "url": "https://github.com/php-http/promise.git",
            "reference": "dc494cdc9d7160b9a09bd5573272195242ce7980"
        },
        "dist": {
            "type": "zip",
            "url": "https://api.github.com/repos/php-http/promise/zipball/dc494cdc9d7160b9a09bd5573272195242ce7980",
            "reference": "dc494cdc9d7160b9a09bd5573272195242ce7980",
            "shasum": ""
        },
        "require-dev": {
            "henrikbjorn/phpspec-code-coverage": "^1.0",
            "phpspec/phpspec": "^2.4"
        },
        "time": "2016-01-26T13:27:02+00:00",
        "type": "library",
        "extra": {
            "branch-alias": {
                "dev-master": "1.1-dev"
            }
        },
        "installation-source": "dist",
        "autoload": {
            "psr-4": {
                "Http\\Promise\\": "src/"
            }
        },
        "notification-url": "https://packagist.org/downloads/",
        "license": [
            "MIT"
        ],
        "authors": [
            {
                "name": "Márk Sági-Kazár",
                "email": "mark.sagikazar@gmail.com"
            },
            {
                "name": "Joel Wurtz",
                "email": "joel.wurtz@gmail.com"
            }
        ],
        "description": "Promise used for asynchronous HTTP requests",
        "homepage": "http://httplug.io",
        "keywords": [
            "promise"
        ]
    },
    {
        "name": "psr/http-message",
        "version": "1.0.1",
        "version_normalized": "1.0.1.0",
        "source": {
            "type": "git",
            "url": "https://github.com/php-fig/http-message.git",
            "reference": "f6561bf28d520154e4b0ec72be95418abe6d9363"
        },
        "dist": {
            "type": "zip",
            "url": "https://api.github.com/repos/php-fig/http-message/zipball/f6561bf28d520154e4b0ec72be95418abe6d9363",
            "reference": "f6561bf28d520154e4b0ec72be95418abe6d9363",
            "shasum": ""
        },
        "require": {
            "php": ">=5.3.0"
        },
        "time": "2016-08-06T14:39:51+00:00",
        "type": "library",
        "extra": {
            "branch-alias": {
                "dev-master": "1.0.x-dev"
            }
        },
        "installation-source": "dist",
        "autoload": {
            "psr-4": {
                "Psr\\Http\\Message\\": "src/"
            }
        },
        "notification-url": "https://packagist.org/downloads/",
        "license": [
            "MIT"
        ],
        "authors": [
            {
                "name": "PHP-FIG",
                "homepage": "http://www.php-fig.org/"
            }
        ],
        "description": "Common interface for HTTP messages",
        "homepage": "https://github.com/php-fig/http-message",
        "keywords": [
            "http",
            "http-message",
            "psr",
            "psr-7",
            "request",
            "response"
        ]
    },
    {
        "name": "symfony/options-resolver",
        "version": "v4.1.7",
        "version_normalized": "4.1.7.0",
        "source": {
            "type": "git",
            "url": "https://github.com/symfony/options-resolver.git",
            "reference": "40f0e40d37c1c8a762334618dea597d64bbb75ff"
        },
        "dist": {
            "type": "zip",
            "url": "https://api.github.com/repos/symfony/options-resolver/zipball/40f0e40d37c1c8a762334618dea597d64bbb75ff",
            "reference": "40f0e40d37c1c8a762334618dea597d64bbb75ff",
            "shasum": ""
        },
        "require": {
            "php": "^7.1.3"
        },
        "time": "2018-09-18T12:45:12+00:00",
        "type": "library",
        "extra": {
            "branch-alias": {
                "dev-master": "4.1-dev"
            }
        },
        "installation-source": "dist",
        "autoload": {
            "psr-4": {
                "Symfony\\Component\\OptionsResolver\\": ""
            },
            "exclude-from-classmap": [
                "/Tests/"
            ]
        },
        "notification-url": "https://packagist.org/downloads/",
        "license": [
            "MIT"
        ],
        "authors": [
            {
                "name": "Fabien Potencier",
                "email": "fabien@symfony.com"
            },
            {
                "name": "Symfony Community",
                "homepage": "https://symfony.com/contributors"
            }
        ],
        "description": "Symfony OptionsResolver Component",
        "homepage": "https://symfony.com",
        "keywords": [
            "config",
            "configuration",
            "options"
        ]
    },
    {
        "name": "webmozart/assert",
        "version": "1.3.0",
        "version_normalized": "1.3.0.0",
        "source": {
            "type": "git",
            "url": "https://github.com/webmozart/assert.git",
            "reference": "0df1908962e7a3071564e857d86874dad1ef204a"
        },
        "dist": {
            "type": "zip",
            "url": "https://api.github.com/repos/webmozart/assert/zipball/0df1908962e7a3071564e857d86874dad1ef204a",
            "reference": "0df1908962e7a3071564e857d86874dad1ef204a",
            "shasum": ""
        },
        "require": {
            "php": "^5.3.3 || ^7.0"
        },
        "require-dev": {
            "phpunit/phpunit": "^4.6",
            "sebastian/version": "^1.0.1"
        },
        "time": "2018-01-29T19:49:41+00:00",
        "type": "library",
        "extra": {
            "branch-alias": {
                "dev-master": "1.3-dev"
            }
        },
        "installation-source": "dist",
        "autoload": {
            "psr-4": {
                "Webmozart\\Assert\\": "src/"
            }
        },
        "notification-url": "https://packagist.org/downloads/",
        "license": [
            "MIT"
        ],
        "authors": [
            {
                "name": "Bernhard Schussek",
                "email": "bschussek@gmail.com"
            }
        ],
        "description": "Assertions to validate method input/output with nice error messages.",
        "keywords": [
            "assert",
            "check",
            "validate"
        ]
    }
]
